country,iso2,country_iso3
Afghanistan,AF,AFG
Albania,AL,ALB
Algeria,DZ,DZA
Andorra,AD,AND
Angola,AO,AGO
Anguilla,AI,AIA
Antigua and Barbuda,AG,ATG
Argentina,AR,ARG
Armenia,AM,ARM
Aruba,AW,ABW
Australia,AU,AUS
Austria,AT,AUT
Azerbaijan,AZ,AZE
Bahamas,BS,BHS
Bahrain,BH,BHR
Bangladesh,BD,BGD
Barbados,BB,BRB
Belarus,BY,BLR
Belgium and Luxembourg,BE,BEL
Belize,BZ,BLZ
Benin,BJ,BEN
Bermuda,BM,BMU
Bhutan,BT,BTN
Bolivia,BO,BOL
Bosnia and Herzegovina,BA,BIH
Botswana,BW,BWA
Brazil,BR,BRA
British Virgin Islands,VG,VGB
Brunei Darussalam,BN,BRN
Bulgaria,BG,BGR
Burkina Faso,BF,BFA
Burma,MM,MMR
Burundi,BI,BDI
C?te d'Ivoire,CI,CIV
Cambodia,KH,KHM
Cameroon,CM,CMR
Canada,CA,CAN
Cape Verde,CV,CPV
Cayman Islands,KY,CYM
Central African Republic,CF,CAF
Chad,TD,TCD
Chile,CL,CHL
China,CN,CHN
Christmas Island,CX,CXR
Cocos (Keeling) Islands,CC,CCK
Colombia,CO,COL
Comoros,KM,COM
Congo,CG,COG
Congo (Democratic Republic of the),ZR,ZAR
Cook Islands,CK,COK
Costa Rica,CR,CRI
Croatia,HR,HRV
Cuba,CU,CUB
Cyprus,CY,CYP
Czech Republic,CZ,CZE
Denmark,DK,DNK
Djibouti,DJ,DJI
Dominica,DM,DMA
Dominican Republic,DO,DOM
East Timor,TP,TMP
Ecuador,EC,ECU
Egypt,EG,EGY
El Salvador,SV,SLV
Equatorial Guinea,GQ,GNQ
Eritrea,ER,ERI
Estonia,EE,EST
Ethiopia,ET,ETH
Falkland Islands,FK,FLK
Faroe Islands,FO,FRO
Fiji,FJ,FJI
Finland,FI,FIN
France,FR,FRA
French Guiana,GF,GUF
French Polynesia,PF,PYF
French Southern Antartic territories,TF,ATF
Gabon,GA,GAB
Gambia,GM,GMB
Georgia,GE,GEO
Germany,DE,DEU
Ghana,GH,GHA
Gibraltar,GI,GIB
Greece,GR,GRC
Greenland,GL,GRL
Grenada,GD,GRD
Guadeloupe,GP,GLP
Guatemala,GT,GTM
Guinea,GN,GIN
Guinea-Bissau,GW,GNB
Guyana,GY,GUY
Haiti,HT,HTI
Honduras,HN,HND
Hong Kong,HK,HKG
Hungary,HU,HUN
Iceland,IS,ISL
India,IN,IND
Indonesia,ID,IDN
Iran,IR,IRN
Iraq,IQ,IRQ
Ireland,IE,IRL
Israel,IL,ISR
Italy,IT,ITA
Jamaica,JM,JAM
Japan,JP,JPN
Jordan,JO,JOR
Kazakstan,KZ,KAZ
Kenya,KE,KEN
Kiribati,KI,KIR
Korea,KR,KOR
"Korea, Dem People's Rep of",KP,PRK
Kuwait,KW,KWT
Kyrgyzstan,KG,KGZ
Lao People's Democratic Republic,LA,LAO
Latvia,LV,LVA
Lebanon,LB,LBN
Lesotho,LS,LSO
Liberia,LR,LBR
Libyan Arab Jamahiriya,LY,LBY
Lithuania,LT,LTU
Luxembourg,LU,LUX
Macau (Aomen),MO,MAC
Macedonia (the former Yugoslav Rep of),MK,MKD
Madagascar,MG,MDG
Malawi,MW,MWI
Malaysia,MY,MYS
Maldives,MV,MDV
Mali,ML,MLI
Malta,MT,MLT
Marshall Islands,MH,MHL
Martinique,MQ,MTQ
Mauritania,MR,MRT
Mauritius,MU,MUS
Mexico,MX,MEX
Micronesia (Federated States of),FM,FSM
"Moldova, Repof",MD,MDA
Mongolia,MN,MNG
Montserrat,MS,MSR
Morocco,MA,MAR
Mozambique,MZ,MOZ
Namibia,NA,NAM
Nauru,NR,NRU
Nepal,NP,NPL
Netherland Antilles,AN,ANT
Netherlands,NL,NLD
New Caledonia,NC,NCL
New Zealand,NZ,NZL
Nicaragua,NI,NIC
Niger,NE,NER
Nigeria,NG,NGA
Niue,NU,NIU
Norfolk Island,NF,NFK
Northern Mariana Islands,MP,MNP
Norway,NO,NOR
Oman,OM,OMN
Pakistan,PK,PAK
Palau,PW,PLW
Palestine,PS,PAL
Panama,PA,PAN
Papua New Guinea,PG,PNG
Paraguay,PY,PRY
Peru,PE,PER
Philippines,PH,PHL
Pitcairn,PN,PCN
Poland,PL,POL
Portugal,PT,PRT
Puerto Rico,PR,PRI
Qatar,QA,QAT
Reunion,RE,REU
Romania,RO,ROM
Russian Federation,RU,RUS
Rwanda,RW,RWA
Saint Helena,SH,SHN
Saint Kitts and Nevis,KN,KNA
Saint Lucia,LC,LCA
Saint Vincent and the Grenadines,VC,VCT
Samoa,WS,WSM
San Marino,SM,SMR
Sao Tome and Principe,ST,STP
Saudi Arabia,SA,SAU
Senegal,SN,SEN
Serbia and Montenegro,YU,YUG
Seychelles,SC,SYC
Sierra Leone,SL,SLE
Singapore,SG,SGP
Slovakia,SK,SVK
Slovenia,SI,SVN
Solomon Islands,SB,SLB
Somalia,SO,SOM
South Africa,ZA,ZAF
Spain,ES,ESP
Sri Lanka,LK,LKA
St Pierre and Miquelon,PM,SPM
Sudan,SD,SDN
Suriname,SR,SUR
Swaziland,SZ,SWZ
Sweden,SE,SWE
Switzerland,CH,CHE
Syrian Arab Republic,SY,SYR
Taiwan,TW,TWN
Tajikistan,TJ,TJK
"Tanzania, United Rep of ",TZ,TZA
Thailand,TH,THA
Togo,TG,TGO
Tokelau,TK,TKL
Tonga,TO,TON
Trinidad and Tobago,TT,TTO
Tunisia,TN,TUN
Turkey,TR,TUR
Turkmenistan,TM,TKM
Turks and Caicos Islands,TC,TCA
Tuvalu,TV,TUV
Uganda,UG,UGA
Ukraine,UA,UKR
United Arab Emirates,AE,ARE
United Kingdom,GB,GBR
United States of America,US,USA
Uruguay,UY,URY
Uzbekistan,UZ,UZB
Vanuatu,VU,VUT
Venezuela,VE,VEN
Viet Nam,VN,VNM
Wallis and Futuna,WF,WLF
Western Sahara,EH,ESH
Yemen,YE,YEM
Zambia,ZM,ZMB
Zimbabwe,ZW,ZWE
