{"chunk_definitions":[{"chunk_id":"c2g0py32v0ew9","chunk_label":"unnamed-chunk-1","document_id":"51F482A3","expansion_state":0,"options":{"engine":"r","label":"unnamed-chunk-1"},"row":21,"row_count":1,"visible":true},{"chunk_id":"ccdecuwrxjp47","chunk_label":"unnamed-chunk-2","document_id":"51F482A3","expansion_state":0,"options":{"engine":"r","label":"unnamed-chunk-9"},"row":59,"row_count":1,"visible":true},{"chunk_id":"cokpjn33ciwgh","chunk_label":"unnamed-chunk-3","document_id":"51F482A3","expansion_state":0,"options":{"engine":"r","label":"unnamed-chunk-10"},"row":67,"row_count":1,"visible":true}],"doc_write_time":1503944253}